id	country	credit_card_type	credit_card_number	first_name	last_name
1	Zambia	mastercard	5002356896930800	Onfre	Simon
2	Russia	visa-electron	4917861213988440	Corena	Blazdell
3	France	diners-club-carte-blanche	30531895287900	Zak	Laffoley-Lane
4	Brazil	americanexpress	374283656821998	Kassia	Hart
5	Slovenia	jcb	3543026452410730	Dredi	Adolthine
6	China	jcb	3560414974783400	Valery	Castiglioni
7	Greece	maestro	630460460579494000	Maurits	Stegell
8	Vanuatu	jcb	3578264087570500	Yard	Sperring
9	Portugal	jcb	3537096632815160	Gael	Izaks
10	Poland	jcb	3585430200901250	Eleen	Gorgen
11	Argentina	jcb	3536816714286130	Iona	Johanning
12	China	diners-club-enroute	201563032905618	Gaelan	Southcott
13	Indonesia	mastercard	5100133512561250	Trixy	Pahler
14	New Zealand	visa	4041599227816	Benny	Dekeyser
15	France	diners-club-enroute	201473651133890	Ronni	McAlinion
16	Armenia	jcb	3529032030048720	Faythe	Charon
17	Guatemala	laser	630401311515117000	Kevan	Brislane
18	Indonesia	jcb	3571417069811700	Meridel	Demangeot
19	Colombia	maestro	67613245228882200	Miller	Brereton
20	Philippines	mastercard	5100136861107180	Alexandrina	Barnwall
21	Japan	jcb	3572237660917480	Mayne	Craister
22	Ukraine	jcb	3562367001654420	Stillmann	MacConneely
23	France	diners-club-enroute	201546909518556	Theodor	Kingett
24	Sweden	jcb	3549236768080810	Antonella	Rioch
25	Sweden	jcb	3548507099127730	Arnie	California
26	Syria	jcb	3579024017131150	Lise	Mosten
27	Sweden	jcb	3535542299050190	Jeno	Castleton
28	Russia	jcb	3536455659317590	Hieronymus	McCambridge
29	China	jcb	3552078109032070	Colly	Biaggelli
30	China	jcb	3547530141736030	Tamarah	Tumioto
31	Poland	jcb	3533928296931180	Duane	Petranek
32	China	jcb	3589047722736830	Dulci	Hacquard
33	China	visa	4017951669850970	Charissa	Aleksic
34	France	americanexpress	374283719494346	Fernanda	Jerromes
35	Brazil	jcb	3572699623976000	Estel	Geraud
36	Indonesia	switch	633110133837188000	Teresa	Maggi
37	China	diners-club-carte-blanche	30486912217457	Rebecca	York
38	Greece	jcb	3565409237169910	Felice	Gai
39	Botswana	jcb	3550606138949870	Corbett	Santoro
40	South Africa	jcb	3528114420585300	Derril	Moughton
41	Honduras	diners-club-carte-blanche	30215218598405	Mallissa	Purkis
42	Nigeria	diners-club-enroute	201422862611442	Atlanta	Clench
43	Portugal	jcb	3528892987407200	Alfie	Klos
44	Bulgaria	jcb	3569957662437980	Jobi	Emilien
45	Indonesia	jcb	3586378148148810	Abby	Faldoe
46	Indonesia	mastercard	5010120290693550	Jeromy	Astman
47	Brazil	jcb	3548539435300000	Terri	Gazzard
48	Ukraine	diners-club-carte-blanche	30101579468653	Charo	Yell
49	Mexico	maestro	6759414348130940	Ingaborg	Mirfield
50	China	jcb	3581066355943590	Gregor	Camocke
51	China	jcb	3561108943902820	Elysee	Cromley
52	Kazakhstan	switch	5641822379877440000	Jemimah	Tidman
53	Sweden	diners-club-carte-blanche	30236853876757	Lela	Walshe
54	Moldova	jcb	3541667640035900	Kaleb	Jenteau
55	Luxembourg	jcb	3544389239694670	Uriel	Le Ball
56	Slovenia	visa-electron	4026783877253910	Sidonia	Mayling
57	Oman	jcb	3582522131525680	Allsun	Barthelmes
58	Indonesia	jcb	3547282059488610	Bearnard	Corbie
59	Sweden	maestro	5038598345209190000	Paula	McClaren
60	Portugal	bankcard	5602251343871580	Artemas	Feldhorn
61	Pakistan	mastercard	5526706777690490	Win	Biddulph
62	Indonesia	switch	633307079419574000	Arne	Milmo
63	Russia	diners-club-enroute	201675582691073	Robyn	Tebbitt
64	Indonesia	jcb	3529618273744790	Otha	Andrews
65	Greece	jcb	3568892596906860	Jarad	Hambatch
66	Mexico	visa-electron	4405902596930860	Estevan	Tinmouth
67	Ghana	jcb	3530498526645270	Dottie	Bridgewater
68	Thailand	diners-club-carte-blanche	30068342692820	Kacey	Skynner
69	Kazakhstan	laser	6304462252721140000	Merla	Steinor
70	Peru	americanexpress	374622702105098	Maisie	Otterwell
71	China	jcb	3536721971345540	Constantine	Senter
72	United States	maestro	6759371812595720000	Brandi	Dimmer
73	Brazil	americanexpress	374288538943696	Sileas	Schurig
74	Indonesia	laser	677141917110695000	Melamie	Label
75	Indonesia	jcb	3557349978648650	Inez	McPeake
76	Portugal	jcb	3554074208384480	Goldina	Serck
77	Russia	diners-club-enroute	201891227950598	Jaine	Exer
78	Argentina	solo	6767042211156680	Sapphire	Lequeux
79	Poland	maestro	6042355037681410	Antoni	Benza
80	Croatia	mastercard	5108759253472470	Onofredo	Belcham
81	South Africa	diners-club-international	36849676931627	Sutton	Gulc
82	Russia	jcb	3545077304965950	Dusty	Pundy
83	Argentina	instapayment	6370027461314730	Starlin	Scarasbrick
84	Ireland	maestro	675902178713738000	Vern	Mennithorp
85	Russia	maestro	501827857874295000	Sib	Stainer
86	Maldives	jcb	3571897391603770	Lucais	Grason
87	Albania	maestro	5020272585653220000	Lani	Laycock
88	Colombia	jcb	3578446964099130	Raul	Dooman
89	Indonesia	jcb	3552504461445350	Maison	Bines
90	Serbia	solo	6334169381301390	Marga	Ayce
91	Indonesia	jcb	3554706418621140	Donalt	Vaux
92	Czech Republic	mastercard	5100135075322070	Dolores	Pallent
93	Guadeloupe	diners-club-carte-blanche	30392893397542	Granger	Tredinnick
94	Zambia	maestro	5038027887953320	Peg	Thomel
95	Indonesia	jcb	3559344523814220	Cosimo	Winfield
96	China	maestro	676348313618411000	Clem	Dranfield
97	China	china-unionpay	5602234745899880	Baxter	Crickmer
98	Russia	visa-electron	4844317990209780	Corey	Faragher
99	Brazil	visa-electron	4913890912139620	Germaine	Caherny
100	Pakistan	jcb	3561711977524660	Jamie	Fairney
101	Namibia	jcb	3534141898478770	Tirrell	Cridlan
102	Palestinian Territory	mastercard	5100134192168210	Cointon	Gladbeck
103	Nigeria	switch	4903618164017140000	Tann	Welbelove
104	Mexico	visa	4017952136497	Karlen	Cardenas
105	Ukraine	solo	6334430730494600	Ingemar	Sprade
106	Brazil	laser	6709817759252090	Sonja	Phlippi
107	France	bankcard	5602214309611850	Ferdy	Westpfel
108	Russia	maestro	58932068549399400	Cristiano	Cromley
109	Ukraine	visa	4017957958162520	Melvyn	Vennings
110	Brazil	china-unionpay	5602235353331550000	Joshua	Rosenkrantz
111	China	diners-club-international	36772886521402	Orelee	Coghlan
112	Indonesia	jcb	3535510915477810	Matty	Snowding
113	France	maestro	6759114681831780000	Lexis	Grimolbie
114	Indonesia	china-unionpay	56022467334652700	Susan	Grundwater
115	Brazil	jcb	3536227237785950	Otes	Cessford
116	Poland	solo	633448491230672000	Earl	Elstone
117	Guatemala	mastercard	5160249170334310	Konrad	McElrath
118	Thailand	diners-club-us-ca	5472414424034010	Vito	Vondrys
119	Mexico	china-unionpay	560221313563497000	Elwyn	Morratt
120	Colombia	visa-electron	4175008304511840	Clarissa	Ludl
121	Philippines	solo	676736109619177000	Kacy	Ashlin
122	Philippines	diners-club-carte-blanche	30159198916791	Garrik	Kelby
123	Malawi	jcb	3582718754376310	Bee	Flory
124	China	jcb	3549268952881290	Nero	Womersley
125	Yemen	laser	6706704253375020000	Anallise	Kiley
126	Bulgaria	jcb	3564497825619990	Lida	Tsarovic
127	Madagascar	china-unionpay	56022598448650100	Eward	Domoni
128	Philippines	visa-electron	4844558870468080	Martita	Diter
129	France	mastercard	5108752991456160	Jannelle	Penhale
130	Russia	jcb	3553050635752760	Bert	Antyukhin
131	United States	switch	633110581443878000	Leoline	Lauret
132	Philippines	jcb	3540755201308160	Doll	Mizzen
133	Brazil	maestro	67623348705788300	Ax	O'Connolly
134	Thailand	jcb	3535401526579530	Granville	Fearnyough
135	Portugal	visa-electron	4026977169830050	Grayce	Akam
136	Indonesia	bankcard	5610151829165710	Bryan	Bowdrey
137	China	mastercard	5100133188873120	Glyn	Le Breton
138	Ireland	visa-electron	4844842024324540	Les	Dinneen
139	Paraguay	jcb	3572572042682350	Wit	Gaitone
140	France	jcb	3569689146157450	Ede	Tevlin
141	Philippines	jcb	3562647728970450	Annaliese	Ellinor
142	Indonesia	jcb	3559723452502690	Alicea	Wilde
143	Japan	china-unionpay	560221177908150000	Annabela	Wein
144	China	jcb	3560278120083640	Aurlie	Weedon
145	Laos	jcb	3582198547089750	Mollee	Renwick
146	China	china-unionpay	5602221724767150000	Maurita	Yeulet
147	Brazil	diners-club-carte-blanche	30400110172646	Wilhelm	Luard
148	Brazil	jcb	3571058244687000	Ardene	Morad
149	Indonesia	jcb	3563639357284300	Niki	Antham
150	China	visa-electron	4026308076967920	Auroora	Valti
151	China	jcb	3535370489628280	Hinze	Novotni
152	Portugal	jcb	3552814155877020	Bobbye	Amort
153	Brazil	visa-electron	4917209042868130	Broddy	Scallan
154	Japan	diners-club-enroute	201463333443155	Nicolas	Wardale
155	Indonesia	china-unionpay	5602236065316220000	Kellina	Caddies
156	Russia	jcb	3558922423402500	Bealle	Franzettoini
157	Poland	bankcard	5602213988257700	Jackquelin	Drummer
158	Reunion	jcb	3578216165536330	Schuyler	Caseborne
159	Peru	jcb	3554163124454490	Hattie	Devers
160	Uganda	diners-club-international	36430920973507	Sarajane	Briscam
161	Philippines	americanexpress	372301914803871	Oberon	Melledy
162	Albania	jcb	3535639744079040	Boniface	Redwood
163	Mauritania	jcb	3574997336756650	Dana	Sweynson
164	Peru	bankcard	5602240151159890	Odelinda	Jakolevitch
165	Portugal	switch	6759377212862830000	Jaquenetta	Cosgreave
166	Sweden	jcb	3572587962094080	Bidget	Hebner
167	United Kingdom	jcb	3570981362790700	Cymbre	Featherstonhaugh
168	Ethiopia	jcb	3583317097300170	Paton	Paulitschke
169	Japan	visa	4041371014010	Kiri	de la Tremoille
170	Kenya	jcb	3582682431733800	Guglielma	Piotr
171	Poland	diners-club-enroute	201407484869593	Silvester	Chicotti
172	Poland	jcb	3539085604904930	Alexis	Node
173	Madagascar	mastercard	5002353120622390	Spense	Kedward
174	Argentina	instapayment	6389432486184240	Lulita	Kastel
175	Poland	diners-club-carte-blanche	30401407672173	Andre	Bumby
176	Indonesia	maestro	5893465929182490000	Ellerey	Murfill
177	Sweden	jcb	3585976989232250	Amory	Beaston
178	Vietnam	mastercard	5002352695942200	Terri-jo	Hodgen
179	China	visa	4073472504904	Isidor	Dumblton
180	France	bankcard	5602223789409790	Lars	Lamperti
181	Azerbaijan	mastercard	5108750044654470	Clemmy	Arnold
182	Pakistan	americanexpress	372663430709142	Abbey	Jickles
183	Nepal	visa-electron	4917679300186830	Priscella	Memory
184	Kazakhstan	solo	6334091955159420000	Cherlyn	Mc Andrew
185	Marshall Islands	jcb	3538348015048090	Marsh	Onslow
186	Nigeria	jcb	3542440278610590	Sloan	Lamanby
187	China	switch	5641829446559840000	Julianne	Betteridge
188	Afghanistan	switch	6333434488875260000	Moise	Scotts
189	Ukraine	diners-club-us-ca	5466189207803390	Cherlyn	Kerner
190	Croatia	jcb	3550985035674220	Jordanna	Smale
191	Indonesia	jcb	3584963430087170	Doloritas	Dalgarnocht
192	Indonesia	jcb	3561793221191210	Gavan	Hemeret
193	France	visa	4041594910317010	Lira	Shedd
194	Czech Republic	diners-club-carte-blanche	30593639541240	Benji	Warlaw
195	China	laser	63049183863927900	Deane	Malmar
196	Myanmar	jcb	3550140854996360	Christine	Antonignetti
197	Portugal	jcb	3566326921799200	Sela	Vandrill
198	China	jcb	3570126509831040	Tamara	Baggaley
199	Russia	jcb	3587107978156300	Humphrey	Coan
200	Ukraine	jcb	3554393601996120	Derril	Tours
201	Greece	jcb	3533472176030360	Bernete	Likely
202	Malaysia	jcb	3575579408635650	Meghann	Hayton
203	South Korea	jcb	3569240847346680	Ted	Stukings
204	Poland	jcb	3560414067453880	Dennie	Dodshon
205	Argentina	jcb	3573079766498620	Davidson	Ditter
206	China	jcb	3537048649902330	Deny	Madigan
207	China	jcb	3573089277174150	Christoph	Willcocks
208	China	bankcard	5602222339021750	Shae	Halpin
209	China	mastercard	5452776891641940	Sheffie	Swain
210	China	americanexpress	372301153221181	Verine	Waghorne
211	Brazil	maestro	67627779512436600	Lyndsay	Pentin
212	Macedonia	jcb	3540133500257090	Bearnard	Chezier
213	Indonesia	visa-electron	4175005815819660	Hedvig	Di Giorgio
214	Argentina	maestro	5018003674120520000	Wandie	Isworth
215	China	china-unionpay	561048773966889000	Essa	Brealey
216	Indonesia	china-unionpay	56022266412287500	Mikaela	Bohlje
217	Venezuela	jcb	3565031468072680	Othilie	Cosbey
218	Russia	jcb	3588247759655360	Christalle	Aaronson
219	Thailand	instapayment	6375130101209240	Fern	Vogeller
220	China	jcb	3571893026123590	Claiborn	Crohan
221	Russia	jcb	3565502989440180	Ely	Maddy
222	South Korea	maestro	6763761878778140000	Graehme	Beverage
223	Peru	visa-electron	4175008140440300	Gaelan	Kender
224	Brazil	instapayment	6397742159065690	Cart	Gladdis
225	China	americanexpress	375961851607911	Arlee	Ofield
226	France	jcb	3571798838695330	Carolina	Fishbourn
227	Cameroon	mastercard	5048376402560230	Kerrill	Bunner
228	Thailand	bankcard	5602229068427530	Alfred	Blunsen
229	Russia	diners-club-carte-blanche	30593083987691	Cassandra	Theriot
230	Colombia	diners-club-carte-blanche	30019609921998	Margeaux	Rigmond
231	Indonesia	bankcard	5602224212758750	Hedwig	Ramet
232	France	jcb	3549226007789010	Debi	Vannuccini
233	Uruguay	jcb	3570275717034300	Tiffy	Stuck
234	Poland	maestro	604464362359000	Vivyanne	Worvill
235	United States	jcb	3545186136545660	Vittorio	Colbrun
236	France	diners-club-enroute	201645088305924	Bearnard	Germann
237	Russia	maestro	6759748234581570	Merry	Helling
238	Slovenia	jcb	3531217622691780	Madeleine	O'Henery
239	France	visa-electron	4844134410045280	Di	Leander
240	Indonesia	jcb	3528995021417370	Malinde	Jansson
241	Finland	mastercard	5100179889542820	Trevor	Mallender
242	China	jcb	3568384001885190	Ariel	Maffiotti
243	Russia	visa-electron	4405177328417620	Jard	Attrie
244	Indonesia	china-unionpay	56102911870405900	Eddie	Mundy
245	Russia	jcb	3568581159671660	Oralle	Treacy
246	Indonesia	diners-club-carte-blanche	30237291196626	Tudor	Tomas
247	Canada	switch	4911707556418300000	Gayler	Ortet
248	Brazil	instapayment	6390715425458940	Frannie	Hoyer
249	Japan	diners-club-carte-blanche	30020082108178	Blake	Ferandez
250	Armenia	jcb	3568477318759900	Jecho	Memory
251	Poland	jcb	3558855555783630	Ardenia	Millery
252	Japan	laser	67064704194224800	Diann	Hedau
253	Tunisia	mastercard	5048376851284470	Hally	Clardge
254	Russia	jcb	3551789917160940	Joby	Michin
255	Philippines	maestro	676269030647286000	Hilary	Kirkby
256	Philippines	jcb	3534277795566690	Elia	Rissom
257	Russia	china-unionpay	5602251441149710000	Jarvis	Box
258	Indonesia	china-unionpay	561037598532044000	Jacob	Shropsheir
259	Indonesia	jcb	3529969229021230	Stormi	Roger
260	China	maestro	6759394548372490	Pooh	Mullane
261	Bulgaria	jcb	3550261300652350	Harlin	Catonnet
262	Uzbekistan	visa	4041592340290540	Hammad	Blest
263	Netherlands	jcb	3555082666722250	Jillene	Evelyn
264	Peru	maestro	6761165848289810000	Webster	Duigan
265	Austria	maestro	67596734808634000	Ira	Finnan
266	Greece	laser	63043510669697600	Alidia	Goggey
267	Sweden	diners-club-enroute	201567574285859	Dyanne	Bruneton
268	Macedonia	jcb	3567660088277820	Piper	Ellerby
269	Peru	jcb	3542945078415880	Haily	Gowanlock
270	Thailand	jcb	3572250623552070	Tedda	Piecha
271	Portugal	jcb	3529267615638040	Mozelle	Lester
272	Norway	americanexpress	341228335803073	Dav	Males
273	Ukraine	switch	675998226247560000	Eward	Ducaen
274	Egypt	china-unionpay	56022558815023000	Rutherford	Creagh
275	Spain	jcb	3551960996345820	Marcellus	Dible
276	China	jcb	3531254309556770	Tiebold	Fitzsymons
277	China	mastercard	5100174575653930	Pyotr	Startin
278	China	americanexpress	341747482905233	Joanne	Croucher
279	Indonesia	diners-club-enroute	201442402407762	Sherman	Longcake
280	Estonia	americanexpress	372833767194750	Killy	Pencot
281	Brazil	diners-club-us-ca	5455667258460200	Randie	Warke
282	Nigeria	jcb	3576348609095160	Lyman	Marke
283	Mexico	jcb	3551538147972380	Flore	Poytres
284	Saudi Arabia	jcb	3586900133868050	Husain	Schwanden
285	Russia	jcb	3542371687450750	Dona	Heersema
286	Democratic Republic of the Congo	mastercard	5577442971656710	Reeva	Haslehurst
287	Indonesia	maestro	5020481607682750	Oby	Parcall
288	China	jcb	3581490571473570	Sorcha	Tidbury
289	Serbia	jcb	3553077508675350	Orville	Thow
290	China	americanexpress	343329836420108	Merrie	Waything
291	Russia	jcb	3589575779939210	Gregorius	Barnham
292	France	switch	490599194945173000	Annette	Strass
293	Brazil	jcb	3531332549195800	Janella	Vanyushkin
294	Greenland	laser	677123886953837000	Sarina	Keal
295	Guatemala	maestro	6762259778787870000	Arabelle	Cronshaw
296	China	jcb	3552820117812660	Dick	Dradey
297	Ukraine	jcb	3565443689238250	Papageno	Lednor
298	Brazil	jcb	3543297513869670	Patrick	Anniwell
299	China	jcb	3588075764499780	Homere	Tumber
300	China	maestro	67616257162651100	Nickolai	Noraway
301	Poland	americanexpress	337941719370420	Raimondo	Grassi
302	China	jcb	3539881521953670	Nanice	Bengough
303	Tunisia	jcb	3549928189527210	Roderich	Drewet
304	China	mastercard	5048371040781310	Simmonds	Kinch
305	Australia	laser	67093712422995800	Siobhan	Warrier
306	Belarus	maestro	6304988580430470	Llewellyn	Piotrkowski
307	Hungary	diners-club-international	36809239850219	Carolin	Sandiford
308	Indonesia	maestro	6040885465590430	Simonette	Shaw
309	Norway	mastercard	5007668369200940	Sharon	Amsberger
310	China	jcb	3530163049194510	Melisandra	Farrar
311	China	jcb	3580894758537450	Temp	Child
312	Sweden	diners-club-carte-blanche	30549089242028	Wally	Levene
313	Mongolia	maestro	6761036643758340	Charlotte	De Dei
314	Chile	diners-club-enroute	201518813293931	Zebadiah	Armin
315	France	mastercard	5357672760307010	Ashli	Stubbes
316	Venezuela	maestro	676309222086514000	Jodee	Erdis
317	Belize	jcb	3544326654180790	Loni	Le Conte
318	China	jcb	3589215694856420	Jerad	Borghese
319	Ukraine	maestro	6044341700034090	Thorpe	Andrioli
320	Portugal	laser	6709132608136970000	Gabriel	Vick
321	Russia	bankcard	5602252160043100	Demetri	Smallwood
322	China	americanexpress	374288567216246	Reinhard	MacVanamy
323	Indonesia	maestro	6762395381900460000	Andy	Robardet
324	Mongolia	laser	677141417205898000	Chicky	Boys
325	China	maestro	6045010711986800	Aksel	McCoish
326	Indonesia	jcb	3540607963356230	Lemmy	Harry
327	Russia	americanexpress	374622985410314	Dar	Stennes
328	Germany	diners-club-carte-blanche	30319810938355	Lyndsie	Birkbeck
329	Brazil	jcb	3578225692910750	Stanislas	Stanney
330	China	laser	6709633330171380	Marcille	Trumper
331	Uzbekistan	solo	6334754841247980	Emlen	Wurz
332	Peru	jcb	3584193691643380	Steffi	Dodd
333	China	jcb	3582907587282390	Friederike	Ferrucci
334	Poland	visa-electron	4405099241776620	Kaila	Kelberman
335	China	mastercard	5241440766291740	Sigfried	Garrett
336	France	china-unionpay	56022398188667900	Jobey	Hannis
337	Ireland	maestro	50206572249408300	Susanna	Loades
338	Russia	jcb	3571440008774140	Boot	MacCaffrey
339	Azerbaijan	jcb	3548146072821910	Johnath	Ablewhite
340	Taiwan	solo	6334748370817350	Correy	Sullly
341	Russia	laser	6771668346704100000	Carola	Pughsley
342	Canada	jcb	3543584846771300	Bronson	Simpkiss
343	France	mastercard	5100142081522760	Lilly	Drable
344	France	jcb	3557242111223610	Thorny	Piell
345	China	mastercard	5288924917231220	Candy	Coppins
346	Philippines	jcb	3584377283478410	Belita	Coghlan
347	Brazil	mastercard	5048377128786770	Candice	Gilvear
348	Guatemala	jcb	3531505763922270	Pablo	Seater
349	China	china-unionpay	56022261340805500	Timoteo	Kirkwood
350	Dominican Republic	switch	4905741008116230000	Tore	Sansbury
351	Canada	jcb	3544484539474190	Iolande	Weldrake
352	Indonesia	diners-club-enroute	201785081578232	Riccardo	Gronowe
353	Vietnam	visa-electron	4026664235824930	Augustus	Gouldstraw
354	China	bankcard	5602254956405510	Cyndia	Wilfling
355	Thailand	jcb	3573482682448170	Cora	Mechem
356	Nigeria	jcb	3563995112284420	Beck	Purdom
357	Finland	mastercard	5010125478935330	Boris	Antonikov
358	China	mastercard	5565143300813090	Gearard	Gainseford
359	South Korea	americanexpress	374622324958023	Knox	Smallbone
360	Brazil	jcb	3587771791530110	Wolfie	Boobyer
361	Brazil	bankcard	5602214105773590	May	Purdie
362	China	jcb	3573320357589400	Aeriell	Howgate
363	China	jcb	3588343025426150	Eli	Thowes
364	Peru	americanexpress	372301400467322	Rocky	Calder
365	Argentina	mastercard	5100145519193390	Chen	Mirfield
366	Russia	jcb	3556300535251840	Meredithe	Dehmel
367	United States	diners-club-us-ca	5403591845998170	Maurizia	Brawley
368	American Samoa	jcb	3570521419190830	Johannah	Cowx
369	Canada	jcb	3588527256099700	Jacklin	Brithman
370	Indonesia	jcb	3535008181204040	Hermann	Hunnawill
371	China	diners-club-enroute	201409143482560	Waverley	Kennifick
372	Indonesia	laser	6709185614622180	Curry	Whanstall
373	Serbia	maestro	6759247114405620	Nancy	Flint
374	Lithuania	visa-electron	4917774799291990	Kerri	Guillard
375	Philippines	maestro	501868554845932000	Gwenore	Sandeson
376	Peru	jcb	3539994703381260	Bell	Coarser
377	China	bankcard	5602254620071260	Margalo	Bartrum
378	Russia	jcb	3573113834960330	Maddi	Braune
379	Albania	bankcard	5602238357661110	Ardine	Marcombe
380	Norway	jcb	3556804942467560	Peter	Stronach
381	Dominican Republic	switch	490307128079990000	Tandie	Le Surf
382	France	maestro	6759931295012460	Adoree	Nairy
383	Hungary	visa-electron	4508970385340060	Antonin	Pounder
384	Brazil	solo	676703263883388000	Denis	Speerman
385	Poland	diners-club-carte-blanche	30195804245290	Clo	O'Dunneen
386	Sweden	maestro	501856443749367000	Cordy	Lavalde
387	Indonesia	visa-electron	4913185395938000	Josefa	Partridge
388	Indonesia	visa	4041378296349510	Jacinta	Ainsbury
389	Brazil	jcb	3539683864592780	Chariot	Linney
390	Philippines	jcb	3555406985793300	Nahum	Tinto
391	Nigeria	jcb	3538708788000010	Drusi	Eglinton
392	Indonesia	diners-club-enroute	201875113561130	Lilllie	Lehrian
393	Mexico	mastercard	5007669658295180	Forest	Ovey
394	Belarus	jcb	3535077488011630	Cesare	Oxtoby
395	Spain	laser	670636185869147000	Angie	Riste
396	Cameroon	diners-club-carte-blanche	30442244178503	Hanny	Throssell
397	Philippines	jcb	3553986998815940	Helenka	Kenyam
398	South Africa	diners-club-carte-blanche	30351077996701	Cristi	Stockell
399	Portugal	jcb	3584900517540830	Walsh	Rominov
400	Bulgaria	jcb	3585370043175470	Rupert	Dumbelton
401	Indonesia	jcb	3548705999011830	Jacobo	Boast
402	Mongolia	visa-electron	4917402227658620	Jacquelynn	Selcraig
403	China	visa-electron	4913615854684500	Aguste	Tome
404	China	jcb	3542725981550490	Sid	MacGahey
405	Philippines	visa-electron	4405269938082390	Claiborne	Barringer
406	France	jcb	3574254567347280	Bradley	Sudell
407	Sweden	maestro	5018067272808100000	Glory	O' Bee
408	Peru	mastercard	5048373267293960	Melosa	Raffan
409	Russia	diners-club-us-ca	5454340399569720	Leena	Suermeiers
410	Mexico	jcb	3567323672262520	Lou	Rhyme
411	Russia	diners-club-international	36708666345653	Brennan	Pabel
412	New Caledonia	mastercard	5100130907164160	Dennison	Reaney
413	Seychelles	diners-club-international	36143029814635	Alric	Phittiplace
414	China	maestro	5018724174222950	Bobbee	Quogan
415	Iraq	jcb	3534414022831420	Tawnya	Hablot
416	Estonia	mastercard	5540216972175580	Abbot	Flower
417	Austria	americanexpress	372301652878994	Aime	Penberthy
418	Dominica	jcb	3580533991887620	Noland	Packe
419	Ethiopia	jcb	3537213151954290	Felicity	Font
420	Slovenia	jcb	3545468108102480	Webster	Kinder
421	Philippines	diners-club-us-ca	5578410674833570	Ronald	Bennit
422	South Korea	switch	4903135620793650000	Sidnee	Litton
423	Peru	americanexpress	337941674282388	Cymbre	Sizey
424	Russia	jcb	3540044015386570	Roarke	Omand
425	Gambia	diners-club-enroute	201600492345552	Cyrill	Cary
426	Colombia	china-unionpay	560222519720929000	Herb	Gaggen
427	China	mastercard	5343500006086930	Emmalee	Widdop
428	Philippines	mastercard	5007664775485280	Elyn	Robardley
429	Indonesia	americanexpress	370682380028701	Wandis	Fairrie
430	Guatemala	mastercard	5262621765525620	Kevin	Sturdgess
431	Thailand	jcb	3575217668209010	Shadow	Breckon
432	Colombia	visa-electron	4175001844122000	Chlo	Baudesson
433	Greece	maestro	589383382606583000	Lutero	Burgill
434	Indonesia	diners-club-international	36286361824074	Angeline	Despenser
435	China	jcb	3581537239231000	Dorree	Houliston
436	Hungary	visa	4041590918250020	Ive	Patry
437	China	jcb	3539273484895240	Alica	Dalgarnocht
438	Myanmar	bankcard	5602214887785160	Jone	Lorentz
439	Palestinian Territory	jcb	3545595031378580	Delores	Elcom
440	China	laser	6304179169611450000	Solly	Stonier
441	Russia	diners-club-enroute	201577440064552	Cheryl	Gocher
442	Sweden	china-unionpay	56102779327343800	Deina	Kilban
443	Indonesia	jcb	3529038603898210	Gualterio	Noquet
444	France	visa-electron	4026061644630180	Englebert	Normansell
445	Vietnam	jcb	3530175493231890	Ardyce	Degli Abbati
446	Portugal	visa-electron	4026690813750900	Raine	Cocher
447	China	jcb	3529616433066640	Ulrica	Poston
448	China	mastercard	5100134326893350	Isobel	Ghent
449	Philippines	mastercard	5308302099470960	Kellen	Prisk
450	Brazil	jcb	3532116904956660	Heidie	Barratt
451	Slovenia	jcb	3551732520430010	Ivie	Dingivan
452	Indonesia	laser	670688938729247000	Marris	Wickardt
453	Indonesia	jcb	3575183918409630	Ninnette	Tilly
454	Finland	mastercard	5108753578139790	Liana	Eouzan
455	Russia	jcb	3542992577600740	Lon	Pilsworth
456	China	china-unionpay	5602245356946850	Merill	Crocetti
457	China	jcb	3578093162410580	Craig	Manifold
458	Pakistan	jcb	3538383152486190	Patsy	Excell
459	Bosnia and Herzegovina	jcb	3551879328634230	Natalee	Yosifov
460	Micronesia	jcb	3553565348582200	Dasie	Balderston
461	Vietnam	jcb	3585424967840420	Fonsie	Carpmile
462	Tanzania	jcb	3568910917348710	Richart	Ebhardt
463	Philippines	china-unionpay	5602241976963540	Waverley	Shimwall
464	Poland	jcb	3566517424491900	Melosa	McElmurray
465	Russia	jcb	3535844136163810	Shae	Moston
466	Japan	jcb	3582699980474470	Reynolds	Guppie
467	Argentina	diners-club-enroute	201854089933441	Kale	Losemann
468	Russia	americanexpress	337941387060162	Wait	Pllu
469	Russia	jcb	3569539646012110	Piggy	Haliburton
470	China	china-unionpay	5602244085248100000	Courtney	Hughson
471	Philippines	jcb	3579423075592270	Marysa	Burdin
472	Portugal	jcb	3537152399732350	Brent	Grishukhin
473	Russia	mastercard	5100141805450400	Vaughan	MacGaughey
474	Greece	switch	490347582636431000	Clayton	Affron
475	Indonesia	china-unionpay	5602232986977390	Edgar	Stealy
476	Israel	bankcard	5602244168028400	Marga	Simion
477	Poland	diners-club-carte-blanche	30254129181407	Minette	Clogg
478	China	diners-club-us-ca	5493594093242240	Beilul	Phippard
479	Ukraine	jcb	3537393619899950	Claudie	Lempel
480	Tunisia	jcb	3555757237592010	Brooks	Raithmill
481	China	jcb	3530658401825450	Verene	O'Donnelly
482	Czech Republic	visa	4041370527145	Thorvald	Gabey
483	Ukraine	bankcard	5602241633461380	Porter	Nuzzetti
484	France	americanexpress	337941622702867	Filbert	Kilfedder
485	China	jcb	3581296861687290	Boris	Roizin
486	Colombia	jcb	3565521783546150	Renell	Oddboy
487	Portugal	jcb	3549563706226040	Denys	Smolan
488	China	visa-electron	4026327531673180	Willdon	MacNeill
489	China	mastercard	5100136999534340	Chalmers	Yekel
490	Jamaica	maestro	6761170647055460	Clive	Parzizek
491	China	switch	633110839629073000	Benny	Comsty
492	Poland	jcb	3584418211420960	Yardley	Nevill
493	North Korea	jcb	3531723917420050	Monique	Andrusov
494	Honduras	bankcard	5602251155476890	Charis	Keigher
495	Brazil	visa-electron	4844034998748750	Dorita	Artingstall
496	France	americanexpress	337941141733229	Tod	Halliberton
497	Paraguay	visa	4017950500199	Anders	Boshers
498	Russia	visa-electron	4175008043298840	Cherri	Rosthorn
499	France	diners-club-international	36359693192328	Cristen	Wood
500	Indonesia	jcb	3575170504575890	Jone	Salandino
501	Indonesia	diners-club-international	36571738689783	Brittni	Attrill
502	China	jcb	3586669619330300	Yul	Lockless
503	Philippines	jcb	3579552393561860	Hermine	Bethune
504	Russia	jcb	3589863294833110	Yolanda	Klesse
505	Canada	bankcard	5602245990024160	Edan	Attwood
506	Russia	americanexpress	370596698276564	Adrea	Patton
507	China	jcb	3536182735493770	Pattie	Gilbert
508	Tunisia	china-unionpay	560224303782569000	Noble	Padgham
509	South Korea	switch	6331100274389870000	Tarrah	Moodie
510	Indonesia	mastercard	5273416373508740	Raynor	Fairfull
511	Hungary	americanexpress	374283587056169	Sylvester	Couch
512	China	jcb	3536117086413890	Binny	Bearns
513	Czech Republic	maestro	604280098735937	Flemming	Alfonsini
514	Nigeria	jcb	3548513907813470	Skylar	Bletso
515	Yemen	china-unionpay	5602246789501380	Sarena	Courage
516	Portugal	china-unionpay	5602232541273880000	Ailene	Putterill
517	Sweden	bankcard	5602249003364540	Ermin	Bottoner
518	Indonesia	mastercard	5108757852582550	Frasier	Scherme
519	Indonesia	jcb	3542379553567080	Merralee	Shackle
520	Russia	switch	4903011592785470000	Bartholomeo	Atkyns
521	Canada	visa-electron	4917738034992290	Terrel	Goosnell
522	United States	jcb	3574672070650020	Minny	Brunelli
523	Russia	diners-club-carte-blanche	30280302510302	Zenia	Enns
524	Brazil	jcb	3574075756976650	Hurleigh	Malter
525	Mexico	bankcard	5610084944432590	Shalne	Chellenham
526	China	china-unionpay	5610326235836450	Louisa	Skitterel
527	Ecuador	switch	4911767103024310000	Emanuele	Frane
528	Indonesia	jcb	3530253462841640	Jolie	Towle
529	Brazil	diners-club-us-ca	5512777038470810	Scotty	MacShane
530	Russia	diners-club-carte-blanche	30279562859326	Rayna	Curtin
531	Norway	jcb	3535177235614270	Alaine	MacLleese
532	Thailand	switch	5641825840370340000	Abelard	Gillbe
533	France	diners-club-us-ca	5569090605316230	Bunny	Hedderly
534	China	jcb	3539313849520990	Corabella	Jencey
535	Cameroon	maestro	5020636785461880	Homere	Geertsen
536	Netherlands	jcb	3542687803898990	Zacherie	Filson
537	Palestinian Territory	jcb	3532475284237370	Eldin	Beeze
538	Czech Republic	jcb	3553341866969260	Keriann	Holt
539	Egypt	jcb	3542885005864950	Kerby	Fery
540	Russia	diners-club-enroute	201866727200405	Gustavus	Conaghy
541	France	mastercard	5108751945101350	Boone	Atling
542	Japan	mastercard	5002359453625700	Cole	Jorn
543	China	americanexpress	374288645966366	Kristine	Culpin
544	Ghana	jcb	3537056391579190	Uriel	De La Cote
545	Japan	jcb	3574661027720290	Lexine	Sayer
546	Ukraine	maestro	50188239327579200	Redford	Dunbobbin
547	Brazil	jcb	3542226273245370	Kathryne	Fallanche
548	France	americanexpress	374288252084982	Dena	Fisk
549	United States	jcb	3533314298924410	Elwin	Cornwall
550	Indonesia	jcb	3528199040698030	Deanna	Rathborne
551	Portugal	instapayment	6393598571079700	Bone	Jakov
552	Sri Lanka	jcb	3533648665347320	Beverly	De Lascy
553	Indonesia	switch	6331106739446930	Stefa	Chennells
554	China	jcb	3563611885877570	Barbaraanne	Delgadillo
555	Vietnam	visa-electron	4913081122754960	Pier	Thwaites
556	Vietnam	jcb	3585868976682150	Belicia	Wallington
557	Venezuela	bankcard	5602245452529530	Bibbie	Sindall
558	Nigeria	jcb	3556540779341500	Erminia	Mauser
559	Mexico	diners-club-enroute	201496074186518	Jesse	Cherry Holme
560	Brazil	jcb	3573043055849480	Emelita	Latch
561	Indonesia	diners-club-enroute	201613041805349	Caldwell	Birtwistle
562	China	jcb	3581684725108980	Renault	Jeune
563	Indonesia	jcb	3570883836184380	Emmalynne	Mold
564	China	jcb	3547884703072770	Austin	Cromleholme
565	Jordan	diners-club-enroute	201713027752448	Babbette	Crush
566	Sweden	mastercard	5590022327188650	Nerita	Basill
567	Philippines	diners-club-us-ca	5461102071135260	Audra	Briddock
568	China	instapayment	6382269579983810	Giovanni	Hollyland
569	Argentina	diners-club-enroute	201761733210623	Huey	Gronous
570	Palestinian Territory	visa	4552813376916	Del	Steer
571	Canada	jcb	3536768494161690	Layton	Waleworke
572	France	visa	4041374111193	Brock	Drabble
573	China	jcb	3540566555934570	Dacey	Tunmore
574	Ivory Coast	bankcard	5602214352973540	Jarred	Shambrook
575	Indonesia	mastercard	5108759061939040	Nicola	Oldcroft
576	France	laser	67094564589677000	Darius	Crumbleholme
577	Indonesia	jcb	3549903428430140	Engracia	Raynton
578	Bulgaria	jcb	3587158274712610	Sibyl	Lincke
579	Brazil	jcb	3573875277499260	Izabel	Urlin
580	Dominica	bankcard	5602212921607330	Roma	Babalola
581	China	china-unionpay	560222741994339000	Maisey	Rossbrook
582	Nigeria	visa-electron	4913126789808890	Ronni	Nevinson
583	Palestinian Territory	jcb	3555711583323360	Ruperta	Gossan
584	Czech Republic	diners-club-enroute	201765306843041	Jennica	McAree
585	Indonesia	mastercard	5108753106669290	Wilfrid	Randalson
586	Azerbaijan	jcb	3562525258060670	Esme	Tarling
587	Czech Republic	mastercard	5100134690491710	Inesita	Bearne
588	Russia	bankcard	5602225105359840	Murdock	Corwin
589	Philippines	jcb	3571977758731310	Coletta	Di Roberto
590	Norway	maestro	50209252502130600	Kendell	Laval
591	Sweden	americanexpress	374288671190923	Jillie	Roset
592	Peru	jcb	3574339195984340	Vergil	Verchambre
593	France	laser	6709500146400620000	Janela	Goseling
594	China	maestro	501842044311898000	Xylina	Worcs
595	Indonesia	jcb	3562687409766680	Eward	MacLese
596	Brazil	diners-club-enroute	201527959848754	Quent	Stapley
597	Indonesia	americanexpress	378717969839383	Enos	Fogt
598	China	jcb	3540781132672150	Cymbre	Deary
599	Indonesia	laser	630476945836979000	Jessey	Davsley
600	Ukraine	bankcard	5602219359715660	Sloan	Arunowicz
601	Sudan	jcb	3564854303864390	Helaina	Castagne
602	Colombia	mastercard	5100148401297300	Tersina	Cryer
603	China	americanexpress	374622280367110	Noll	Rainey
604	Poland	maestro	6304230815505020	Olvan	Georgi
605	Indonesia	jcb	3539072988434500	Janel	McGloughlin
606	United States	jcb	3532012774561230	Claudius	Kirsch
607	China	instapayment	6384326031882870	Alyosha	Nelson
608	China	switch	4936792848611230000	Fancie	Nannizzi
609	China	jcb	3587133558300510	Lesley	Spearing
610	China	laser	67062563432533000	Kellsie	De Bernardi
611	New Caledonia	switch	6333097839765630	Griz	Simnett
612	Bulgaria	switch	4903180190450750000	Wadsworth	Bavridge
613	Finland	jcb	3556893148705140	Natale	Cremer
614	China	jcb	3538405904075090	Pierre	Dreye
615	Thailand	mastercard	5197690966976200	Eleonora	Bracchi
616	Philippines	china-unionpay	56022596756050700	Lionello	Wiersma
617	Philippines	jcb	3543556080157900	Alvie	McCluney
618	China	visa-electron	4026517756027580	Marlena	Cullagh
619	Indonesia	diners-club-enroute	201428355915190	Phip	Hillan
620	Indonesia	diners-club-enroute	201599684303702	Kimberlyn	Dranfield
621	Czech Republic	bankcard	5602234719479650	Patrick	De Meyer
622	Colombia	jcb	3588672021501460	Hardy	Prichet
623	Kuwait	jcb	3537044317258250	Abagail	Lezemere
624	China	jcb	3580715506801970	Adrian	Daveley
625	Nigeria	jcb	3554015566947360	Gale	Croce
626	Macedonia	maestro	60496291004136300	Joli	Byram
627	France	jcb	3585649896521050	Frankie	Linfitt
628	Bosnia and Herzegovina	jcb	3587265684331470	Elfreda	Sullly
629	Angola	solo	6334151467351930	Shalna	Manhare
630	Indonesia	visa	4041593535982	Adina	Solley
631	Venezuela	visa-electron	4405433145020900	Corbet	Casine
632	Russia	jcb	3560807046025190	Yolane	Paulus
633	China	jcb	3555297781725650	Christiano	Bruty
634	Cameroon	jcb	3580232162146290	Elsie	Berni
635	Indonesia	americanexpress	374210333576463	Quentin	Orton
636	Greece	jcb	3551001404601320	Berty	Dive
637	Philippines	mastercard	5308279654334680	Holmes	Brugman
638	Mexico	jcb	3560604140947240	Addie	Girardetti
639	Sweden	mastercard	5002350073179980	Tammi	Hockey
640	Djibouti	bankcard	5602253452795970	Rani	Bellocht
641	Netherlands	jcb	3560485428246120	Brantley	Digan
642	Poland	diners-club-enroute	201498182903222	Nichol	Mathis
643	Mongolia	mastercard	5100172115914460	Veradis	Alyutin
644	China	americanexpress	341631539230318	Vivien	Forsyth
645	Poland	jcb	3550049251186750	Nickolai	Ferrai
646	Russia	laser	6706999534288050000	Beaufort	Arntzen
647	Pakistan	jcb	3543534492215720	Julius	Fillery
648	Czech Republic	jcb	3565148552838910	Jimmie	Filippone
649	Nigeria	jcb	3543941769979200	Traver	Van Castele
650	Indonesia	china-unionpay	561038851656592000	Chet	Gibbon
651	Russia	laser	677138596505541000	Lanae	Doget
652	Brazil	jcb	3575620796249990	Bill	Cleen
653	Bosnia and Herzegovina	jcb	3534630642343340	Shelba	Silvermann
654	France	jcb	3570867655201790	Marcello	Livermore
655	Mauritius	laser	6304997150723610	Angela	O'Coskerry
656	Japan	instapayment	6392287306295890	Vallie	Errett
657	China	diners-club-carte-blanche	30428665195670	Konstantin	Webster
658	Peru	china-unionpay	5602249063951260000	Zandra	MacNair
659	Finland	mastercard	5142470657660290	Wandie	Rowbottam
660	Bangladesh	jcb	3575176130135340	Brandie	Westmoreland
661	Indonesia	china-unionpay	56022394430353500	Linn	Howick
662	Indonesia	visa-electron	4026612122555460	Fayina	Leebeter
663	Macedonia	jcb	3539905225645750	Weidar	Withringten
664	Italy	china-unionpay	5610736401703480	Oliver	Linfitt
665	Comoros	diners-club-carte-blanche	30028099944006	Elisha	Hawksley
666	Ivory Coast	jcb	3549316416850270	Moses	Vanstone
667	Russia	diners-club-international	36347452210712	Doris	Knowlson
668	Philippines	china-unionpay	56022122676553800	Jeanne	Stile
669	Brazil	jcb	3586751451637200	Wilfred	McGuckin
670	China	jcb	3565945975308010	Waverley	Haller
671	Russia	jcb	3556287754780210	Steffi	Gorgl
672	Indonesia	jcb	3538070517591580	Kirstyn	Wadeling
673	Lithuania	americanexpress	374283445569577	Beverlee	Scranedge
674	Poland	jcb	3544238466218070	Thorndike	Wash
675	Philippines	jcb	3565021875966780	Mariette	Izhakov
676	France	diners-club-enroute	201425284252588	Kelsi	Ailward
677	Philippines	jcb	3528727862658410	Blake	Eidler
678	Poland	switch	6759464672734920000	Rollins	Axel
679	China	jcb	3531418136958250	Jacki	Harniman
680	China	jcb	3538714120176050	Ave	Kitching
681	China	mastercard	5100132507530750	Irene	Leghorn
682	Togo	jcb	3586858261253360	Bab	Feirn
683	China	diners-club-carte-blanche	30509238268787	Ritchie	Allmond
684	Brazil	jcb	3537780841375370	Carter	Barley
685	Nicaragua	jcb	3554844795676000	Rosana	Feary
686	United States	visa	4718022381332	Jacquelyn	Mowles
687	China	switch	675935364904300000	Quintilla	Olland
688	China	jcb	3554586710641650	Bobbee	Huxham
689	China	jcb	3553732159609680	Farrell	Todeo
690	Haiti	jcb	3540724965980280	Gwenora	Elderfield
691	China	bankcard	5602212168467690	Tracy	Girardeau
692	Finland	jcb	3542480187896050	Cynthy	Pizey
693	Indonesia	china-unionpay	56022554032429300	Lombard	Soane
694	Vietnam	switch	633110795664160000	Floris	Scantlebury
695	Philippines	bankcard	5602242173585500	Dolph	Bleazard
696	Colombia	diners-club-carte-blanche	30107981864975	Stacy	Ackers
697	Ghana	jcb	3560957903855020	Hugo	Martini
698	Russia	jcb	3531877567129040	Judon	Duding
699	Norway	china-unionpay	56022554275865700	Enrique	Grafom
700	China	jcb	3548557183603230	Giustino	Ingerith
701	China	jcb	3536020511754390	Peggi	Worviell
702	China	instapayment	6397809874576840	Hailey	Breston
703	China	mastercard	5048370313413190	Kenton	Cady
704	Philippines	maestro	6304349605453400000	Shep	Soars
705	China	jcb	3537432546009220	Denver	Demougeot
706	China	jcb	3571301264750190	Darda	Lindley
707	Poland	maestro	5893891772279680	Dolf	Rabbitts
708	China	diners-club-international	36167368463829	El	Carlisso
709	France	jcb	3569771445139180	Nata	Nipper
710	Ukraine	bankcard	5602217467687630	Iggie	Seer
711	Bulgaria	china-unionpay	560223007797355000	Hillie	Dudleston
712	Peru	jcb	3552951490090900	Rosemarie	Itzcovichch
713	Chile	americanexpress	374537297864125	Christiana	MacInherney
714	Philippines	americanexpress	372301573285055	Gavra	Guisby
715	United States	jcb	3562529192808220	Lela	Kavanagh
716	China	americanexpress	374288267363470	Alan	Dedman
717	Greece	americanexpress	337941526463558	Hyacinthe	Ivanuschka
718	France	visa-electron	4844534554018510	Caren	Engelmann
719	Greece	diners-club-carte-blanche	30294795399701	Vanny	Wadie
720	China	mastercard	5100178763054560	Carri	Critch
721	United Kingdom	jcb	3541835064309450	Dana	Cogdell
722	Russia	americanexpress	349858530660076	Krishna	Ros
723	China	jcb	3589297946660140	Alice	Skalls
724	Peru	mastercard	5048370950277990	Carita	Pescod
725	Japan	maestro	604649152139196	Pepi	Klejin
726	Ukraine	jcb	3552628077202200	Florian	Bettenay
727	Mexico	jcb	3554952897602210	Torey	Iacovelli
728	Macedonia	jcb	3562769700036670	Christina	Janjusevic
729	Zambia	maestro	5038108035040410	Marc	Unwin
730	Philippines	laser	6304675022077120000	Queenie	Stow
731	South Africa	jcb	3578564913641970	Traver	Axworthy
732	Brazil	jcb	3577130464766760	Audra	Sutterby
733	Russia	jcb	3549654473133520	Micki	Kobierra
734	Indonesia	jcb	3533866361280050	Anitra	Wofenden
735	China	jcb	3553259120782590	Luise	Earengey
736	Japan	jcb	3562449959653900	Lari	Nulty
737	Luxembourg	jcb	3568555767937080	Holt	Mac
738	Indonesia	jcb	3541958591506440	Aubert	Horbart
739	Argentina	jcb	3571189112031540	Read	Meadley
740	Russia	jcb	3531753787897050	Araldo	Navaro
741	Russia	switch	6759435537566440	Euell	Mandrier
742	Czech Republic	jcb	3546007611048570	Giorgi	Duffus
743	Norway	mastercard	5048370490289380	Jan	Glasspoole
744	Chile	diners-club-enroute	201686348105530	Barnabe	Hinrich
745	Russia	solo	633473690906499000	Mackenzie	Joubert
746	Guatemala	switch	4903349260053500000	Evey	Apfel
747	China	mastercard	5113212243936430	Winni	Rylett
748	China	jcb	3534927432486000	Yvor	Janssens
749	Indonesia	jcb	3569764266125100	Paquito	Paireman
750	Canada	jcb	3552915017142650	Arthur	McSharry
751	Indonesia	instapayment	6397058784942350	Fidelio	Bruckent
752	Portugal	jcb	3579094343989980	Terrance	Guislin
753	Brazil	jcb	3577032364330360	Donna	Leathe
754	Indonesia	mastercard	5048370864203660	Jena	Boyett
755	Democratic Republic of the Congo	instapayment	6372277492195800	Vittorio	Mifflin
756	Canada	china-unionpay	5602230732595480	Riva	Crayke
757	Norway	maestro	5018447556311960	Doralyn	Brockley
758	Sudan	diners-club-enroute	201927534810206	Willey	Bricklebank
759	Serbia	bankcard	5602210286713880	Fina	Diegan
760	Cameroon	switch	564182948087440000	Barron	Heddan
761	Kuwait	jcb	3547491320101790	Ameline	Matheson
762	Argentina	jcb	3573358835119950	Mirna	Pawelski
763	Russia	jcb	3528752868013150	Clyde	Aloshikin
764	Albania	jcb	3545084251435820	Iago	Magner
765	China	jcb	3567840970475790	Gerard	Strelitz
766	Sweden	jcb	3582493418854110	Stanislaw	Dunridge
767	Panama	jcb	3528018551239390	Shirl	Allsupp
768	Portugal	jcb	3549723584044210	Kennith	Godsell
769	China	maestro	676168198576417000	Virgie	Steinor
770	United States	jcb	3567633691241300	Leoine	McHenry
771	Chile	diners-club-enroute	201903031615281	Ynez	Mohammed
772	France	mastercard	5302240925736580	Willdon	Normanton
773	China	maestro	676237361454426000	Ermanno	Broadbridge
774	Canada	jcb	3571945399133710	Edie	Gentner
775	Colombia	switch	4936538609430940	Clarance	Ottam
776	Portugal	mastercard	5100141077749520	Nanete	Hadfield
777	El Salvador	jcb	3549232039889540	Abra	Angear
778	Portugal	diners-club-enroute	201764925554956	August	Robens
779	United States	diners-club-enroute	201944391775463	Antonina	Chominski
780	China	americanexpress	374622339841388	Melodee	Vogeller
781	Philippines	jcb	3576082910580110	Sandye	Badgers
782	United States	laser	677187192056311000	Alaster	Haddy
783	Nicaragua	jcb	3567679214105420	Mitchel	Mcmanaman
784	China	visa-electron	4026528623854880	Cullen	Curry
785	Russia	jcb	3531885718908270	Ashil	Sunman
786	China	diners-club-carte-blanche	30239300563119	Trude	Ware
787	Slovenia	jcb	3530889847237840	Duffy	Clothier
788	Indonesia	jcb	3567461062919640	Lamond	Bogey
789	Tanzania	maestro	5018312336654400	Freeman	Harmer
790	Vietnam	jcb	3554578565775670	Kele	Kilbourne
791	Montenegro	china-unionpay	561083078584914000	Genevra	Oseland
792	China	americanexpress	374283692097520	Fanchon	Cockling
793	Russia	americanexpress	337941641220792	Gladys	Thornhill
794	Tanzania	visa	4046773193803920	Dionne	Halle
795	Philippines	laser	6709587488087800	Web	Purcell
796	China	maestro	67630530151081600	Sloane	Clewley
797	Portugal	bankcard	5602211762922550	Lowrance	Maffia
798	Belarus	jcb	3549824091919870	Sioux	Ranner
799	Poland	instapayment	6383509761630630	Stephani	Enston
800	Philippines	visa-electron	4844459127971430	Lizbeth	Guille
801	France	mastercard	5100135465370940	Carolan	Trustey
802	Slovenia	jcb	3540545886394680	Rheba	Haruard
803	Malaysia	visa-electron	4844093239571490	Jaquith	Tregidgo
804	China	laser	630417559930486000	Jacquenetta	Morbey
805	Vietnam	americanexpress	372113399786756	Silvio	Rosendall
806	China	jcb	3542194600743430	Dody	Ogglebie
807	Indonesia	visa	4041596396829950	Marjorie	Geary
808	China	visa-electron	4844595886405030	Tyson	Sarfass
809	Russia	jcb	3585020375912140	Alyosha	Zuann
810	Ukraine	jcb	3542573891618810	Bendick	Felderer
811	Cameroon	americanexpress	375100123910569	Anabella	Lewtey
812	Indonesia	jcb	3539446437623830	Jelene	McInnes
813	Brazil	jcb	3568443481605840	Jdavie	Lee
814	Czech Republic	jcb	3563688871139110	Hyman	Weller
815	China	jcb	3571660242219280	Coleman	Bendson
816	France	switch	5641829270113590000	Deeann	Willacot
817	Philippines	solo	633486618739577000	Eustacia	Merioth
818	Sweden	americanexpress	342087279643690	Orlan	Janata
819	Brazil	bankcard	5602254743785200	Rhodie	Carreyette
820	Czech Republic	jcb	3547252877826370	Orran	McKew
821	Poland	switch	4903354703344290	Malcolm	Acutt
822	China	jcb	3530918263402830	Clair	Wymer
823	Indonesia	jcb	3551081524587700	Justinian	Kilpatrick
824	United Kingdom	jcb	3539255392434440	Alexia	Ware
825	Colombia	jcb	3550599489492890	Del	Waterland
826	Bangladesh	mastercard	5330646489412600	Alain	Florentine
827	Portugal	diners-club-carte-blanche	30271647904862	Jillene	Anand
828	China	americanexpress	374288849613475	Eloisa	Jacobovitch
829	Czech Republic	diners-club-enroute	201967773234379	Fee	De Atta
830	Morocco	bankcard	5602246455244040	Prescott	Roots
831	Syria	americanexpress	374283695058982	Richmound	Marns
832	China	diners-club-carte-blanche	30505467486983	Katuscha	Randals
833	China	diners-club-carte-blanche	30114017307995	Joye	Thornewill
834	Poland	instapayment	6376014954871050	Aubry	Rushbury
835	China	jcb	3587826891323960	Lilian	Armstead
836	Indonesia	jcb	3565450479369780	Holli	Ingleton
837	Philippines	diners-club-enroute	201504175050705	Dionysus	Lampbrecht
838	Portugal	jcb	3580109733947590	Eberhard	Canet
839	Ivory Coast	jcb	3547632819750090	Christie	Kernoghan
840	China	diners-club-carte-blanche	30115585787534	Gonzalo	Hallstone
841	China	jcb	3530757075849700	Scotty	Chattock
842	Argentina	americanexpress	374622833762932	Willie	Lacroux
843	North Korea	diners-club-carte-blanche	30347471930536	Darby	Hardson
844	Russia	jcb	3568116075098370	Gale	Japp
845	Brazil	jcb	3569105961301910	Lou	Jumel
846	Afghanistan	maestro	503838180640000000	Burnaby	Gealy
847	China	instapayment	6377881280863680	Carlin	Orry
848	France	jcb	3585255530821830	Legra	Jeaneau
849	Poland	jcb	3579991044869340	Eberhard	Glasser
850	Yemen	americanexpress	372608703750133	Lance	Caple
851	China	jcb	3546360125033080	Livia	Stembridge
852	Palestinian Territory	diners-club-carte-blanche	30065343544083	Skippie	Lownsbrough
853	Sweden	diners-club-enroute	201853489099712	Mame	Seven
854	France	maestro	6761066519917100	Allyn	Bedward
855	Ireland	visa-electron	4844639609493550	Heath	Balasin
856	Indonesia	visa-electron	4917165674477120	Giulietta	Vasilov
857	Zimbabwe	laser	67097514331561400	Rozanne	Flowerdew
858	Philippines	jcb	3570820909115290	Marylee	Grewcock
859	Argentina	maestro	6761863848148040000	Aloin	Dupoy
860	France	maestro	67639078543278300	Noby	Durbann
861	Germany	switch	6333895621403590000	Ebba	Schrinel
862	United States	jcb	3542955478523880	Gleda	Gershom
863	Malaysia	jcb	3580663724939250	Melly	O'Hannen
864	Indonesia	americanexpress	370268226166515	Cary	Gingell
865	Mexico	china-unionpay	5610548670136360000	Marysa	MacMeekan
866	China	jcb	3588933093762830	Bibbye	De Freitas
867	China	americanexpress	372301099070049	Delphine	Corsham
868	Indonesia	jcb	3585879242532540	Glenn	Panichelli
869	Nigeria	visa-electron	4405325698780430	Ravi	Larciere
870	China	visa-electron	4913039659923470	Si	Pietrowicz
871	Indonesia	jcb	3531928039474930	Valaria	Phizaclea
872	Mexico	maestro	50180526439880000	Jamie	Frisch
873	China	switch	490385089243103000	Ranice	Higford
874	China	switch	633110133235495000	Dulsea	Huckerby
875	Philippines	switch	5641821491100870000	Barthel	Matzl
876	Montenegro	china-unionpay	561039743822589000	Chalmers	Casini
877	Thailand	mastercard	5048373636091260	Giulio	Viall
878	China	jcb	3534499076342060	Thorndike	Zecchinelli
879	China	laser	670628530832700000	Aubrey	Pembry
880	Philippines	diners-club-international	36493475204132	Arne	Clubbe
881	Cyprus	diners-club-carte-blanche	30066537964665	Clevey	Deighton
882	Ukraine	jcb	3536351980714770	Isahella	Bryett
883	Indonesia	bankcard	5602236550189660	Conny	Wholesworth
884	Brazil	switch	490577888554082000	Sheelagh	Axten
885	Paraguay	mastercard	5048374423624220	Aubert	Ridd
886	China	china-unionpay	56107613251908300	Martita	Luna
887	Portugal	diners-club-carte-blanche	30236649376724	Alysa	Lumley
888	Syria	jcb	3589003069075380	Faustina	Millis
889	Indonesia	diners-club-carte-blanche	30585820569956	Legra	Sute
890	Macedonia	diners-club-international	36438160849410	Kip	Crux
891	Honduras	jcb	3572684222285420	Joshia	Ekell
892	Chile	jcb	3566590418324740	Julita	Bartlett
893	Canada	visa-electron	4405081884103360	Verina	Joe
894	Philippines	visa-electron	4175009981634230	Gary	Keir
895	Czech Republic	diners-club-enroute	201754435449524	Reece	Arkwright
896	Indonesia	mastercard	5100132576090850	Tiertza	Rolingson
897	Vietnam	jcb	3552958557627760	Brier	Menichi
898	China	switch	6759793607273280000	Shandee	Hulme
899	Brazil	jcb	3582324019473380	Tobe	Hensmans
900	Portugal	jcb	3534184544961650	Wallie	Wooding
901	South Africa	jcb	3586183337304960	Alida	Whetnall
902	China	china-unionpay	5610066702426610000	Nessi	Rawsthorne
903	Thailand	china-unionpay	5602250812134990	Arlyne	Itzhak
904	China	jcb	3581523962424210	Stephie	O'Corrigane
905	Belarus	laser	670957664859685000	Ingar	Ivakhin
906	Brazil	bankcard	5602257006607840	Sioux	Bugdell
907	Kenya	jcb	3581967027002240	Granger	Bumford
908	Poland	americanexpress	374283243802501	Tine	Lumber
909	China	maestro	58932698701442200	Dall	Fleisch
910	Tanzania	instapayment	6384417219129790	Felicia	Halwell
911	United States	visa-electron	4917572567078720	Thaine	Beart
912	Somalia	americanexpress	375059343073196	Sigfried	Silwood
913	Peru	mastercard	5550564869088180	Marita	Lasham
914	Azerbaijan	china-unionpay	5602245343300280	Gabie	Camolli
915	Poland	jcb	3582110036048020	Shelley	Dimmock
916	Portugal	jcb	3548405241394780	Ben	Drayn
917	Micronesia	diners-club-carte-blanche	30391670657417	Cindra	Heikkinen
918	Portugal	jcb	3564402527668740	Vin	Caller
919	China	jcb	3538500739041550	Michaelina	Cockerill
920	Jamaica	diners-club-carte-blanche	30272619773889	Audrey	Tewkesbury.
921	Sweden	jcb	3566617639278770	Sacha	Ram
922	China	mastercard	5238757804109450	Lola	Eddison
923	Portugal	jcb	3553835024842190	Ag	Khalid
924	China	jcb	3561748063138500	Tabbie	Aberhart
925	Argentina	jcb	3570421202305800	Goldia	O'Kennavain
926	Colombia	laser	6709354768665000000	Jordon	MacDougall
927	Bosnia and Herzegovina	jcb	3557262699143010	Kippie	Mewton
928	Nepal	jcb	3552730143343170	Grove	Hafford
929	Indonesia	visa	4017957897499	Essie	Kleinpeltz
930	Switzerland	mastercard	5048378288339590	Clementia	Rodrig
931	Madagascar	solo	633438295763199000	Letty	Moorrud
932	Portugal	jcb	3578083515783250	Valerie	Saltern
933	China	jcb	3578101173712230	Karney	Facher
934	Belarus	bankcard	5602240455779910	Catha	Glanert
935	Indonesia	jcb	3589399035562580	Farlie	Skilbeck
936	Portugal	jcb	3541026109250830	Esma	Frankcomb
937	Poland	instapayment	6395933693494340	Heidi	De Bernardis
938	China	laser	67063162036995300	Cristin	Beattie
939	Ukraine	jcb	3586310971119770	Henri	Kupis
940	Latvia	diners-club-carte-blanche	30193300578140	Seline	Stothert
941	China	jcb	353605618260620	Pansie	Learmond
942	Malaysia	jcb	3589210988589720	Hubie	Domoney
943	Poland	switch	4911797944515950	Shelly	Fullalove
944	Chile	americanexpress	374864127090303	Demetre	Crowch
945	Portugal	switch	6333391973206180000	Blanca	Paige
946	Morocco	jcb	3583058619900580	Earvin	Spall
947	Philippines	americanexpress	348344319885698	Alyce	Feasby
948	Syria	diners-club-enroute	201570475221122	Miriam	Goodinson
949	Portugal	diners-club-carte-blanche	30185185057240	Felice	de Banke
950	Dominican Republic	americanexpress	379675115729255	Cristal	Muggach
951	China	bankcard	5602239363638860	Kata	Saphin
952	United States	visa	4041592125132820	Ranna	Zecchini
953	Thailand	jcb	3555923204332900	Branden	Dinan
954	China	diners-club-enroute	201706712714657	Conrad	Scammonden
955	Japan	jcb	3556182373856470	Pennie	Keppy
956	Indonesia	china-unionpay	56022304153136900	Gilbert	Plank
957	Sweden	bankcard	5602229526298030	Goraud	Semiras
958	Mozambique	jcb	3576393172368080	Perrine	Skeeles
959	Canada	jcb	3586134266428140	Fidelity	Ikin
960	Indonesia	china-unionpay	56022401371232900	Nap	Koenraad
961	Russia	visa-electron	4026485506173910	Courtnay	Seeman
962	Portugal	jcb	3535535172063140	Talbot	Gooderidge
963	China	jcb	3542353950899460	Jordanna	Emmett
964	Portugal	jcb	3540450376278450	Eirena	Rawstron
965	Argentina	jcb	3560299910531060	Desdemona	Tomaszkiewicz
966	Thailand	mastercard	5100174077392000	Gayleen	Philcock
967	Belgium	jcb	3566253865831060	Alfie	Cansfield
968	Latvia	diners-club-enroute	201738119245662	Seth	Winkett
969	Poland	jcb	3583006026806460	Cele	Mansford
970	Czech Republic	solo	6334307711983410	Valma	Venton
971	Indonesia	jcb	3577760845959280	Kirby	Skilton
972	Serbia	maestro	5020147704449200000	Jacquetta	Faulks
973	China	jcb	3550059315516160	Graham	Bett
974	China	maestro	5018407592003440	Fabien	Poland
975	Poland	jcb	3528768357092080	Giles	Bostock
976	Russia	switch	4911341631062590	Edwin	Rahill
977	Indonesia	china-unionpay	5602225036584870000	Suzie	McFadyen
978	China	jcb	3544643591701780	Sigismond	Bettlestone
979	Armenia	diners-club-us-ca	5407011914983200	Allina	Dimanche
980	China	jcb	3531367207710830	Gaspard	Doggrell
981	China	jcb	3584156955201050	Nicki	Barnfather
982	Indonesia	mastercard	5221034827283980	Arny	McWard
983	Colombia	jcb	3564614240759510	Daryl	Glanville
984	China	jcb	3534787935145440	Joannes	Craven
985	Portugal	jcb	3544699569498660	Ros	Thake
986	Mexico	mastercard	5574561245607530	Jamie	Spaight
987	Indonesia	laser	6771312812631090000	Edee	Suarez
988	Thailand	bankcard	5602256699627550	Agustin	Blagden
989	Colombia	maestro	5020699742408150	Jessa	Raper
990	China	diners-club-enroute	201783338179649	Talyah	Spraggs
991	China	jcb	3546244019224320	Chrisse	Crumbleholme
992	Armenia	jcb	3545898811095770	Cazzie	Croote
993	Malaysia	bankcard	5602218502700910	Matthus	Tolhurst
994	China	jcb	3576518816563070	Alessandro	Spillett
995	Sierra Leone	china-unionpay	5602214082786400	Alida	Levick
996	China	bankcard	5602254578414460	Trever	Falco
997	China	jcb	3582102192472790	Jaynell	Elvey
998	Togo	maestro	5038080394269150	Cymbre	Ivanusyev
999	Ireland	jcb	3561983778520050	Sunny	Pund
1000	China	americanexpress	374288292819371	Muire	Jouanet
